{"cameraMode":{"drawMode":0,"name":"Shaded","section":"Shading Mode"},"sceneLighting":true,"audioPlay":false,"sceneViewState":{"showFog":true,"showMaterialUpdate":false,"showSkybox":false,"showFlares":true,"showImageEffects":true,"showParticleSystems":true},"in2DMode":false,"pivot":{"x":-1.0390170812606812,"y":1.4000000953674317,"z":1.1920928955078126e-7},"rotation":{"x":-0.18940970301628114,"y":0.35098567605018618,"z":-0.07272446155548096,"w":-0.9141360521316528},"size":1.2247449159622193,"orthographic":false}